"rules","support","confidence","coverage","lift","count","p_raw","p_BH","p_BF","len","lhs"
"{AirTemp=high} => {eFishCatch=present}",0.428571428571429,1,0.428571428571429,1.23529411764706,54,1.9992444084617e-07,1.13290516479496e-06,3.39871549438488e-06,2,"{AirTemp=high}"
"{WaterTemp=high} => {eFishCatch=present}",0.428571428571429,1,0.428571428571429,1.23529411764706,54,1.9992444084617e-07,1.13290516479496e-06,3.39871549438488e-06,2,"{WaterTemp=high}"
"{Conductivity=high} => {eFishCatch=present}",0.428571428571429,1,0.428571428571429,1.23529411764706,54,1.9992444084617e-07,1.13290516479496e-06,3.39871549438488e-06,2,"{Conductivity=high}"
"{DissolvedOxygen=low} => {eFishCatch=present}",0.380952380952381,1,0.380952380952381,1.23529411764706,48,1.9882519630328e-06,8.45007084288938e-06,3.38002833715575e-05,2,"{DissolvedOxygen=low}"
"{eDNAConc=high,Backpack=ANDe} => {eFishCatch=present}",0.246031746031746,1,0.246031746031746,1.23529411764706,31,0.000492282990359264,0.00143554406444718,0.00836881083610748,3,"{eDNAConc=high,Backpack=ANDe}"
"{Site=5} => {eFishCatch=present}",0.238095238095238,1,0.238095238095238,1.23529411764706,30,0.00065637732047902,0.00159405920687762,0.0111584144481433,2,"{Site=5}"
"{eDNAConc=high,VolumeFiltered=low} => {eFishCatch=present}",0.30952380952381,0.975,0.317460317460317,1.20441176470588,39,0.000506662610981356,0.00143554406444718,0.00861326438668306,3,"{eDNAConc=high,VolumeFiltered=low}"
"{VolumeFiltered=low} => {eFishCatch=present}",0.476190476190476,0.909090909090909,0.523809523809524,1.12299465240642,60,0.00265902705910035,0.00417844066133211,0.045203460004706,2,"{VolumeFiltered=low}"
"{eDNAConc=high} => {eFishCatch=present}",0.53968253968254,0.906666666666667,0.595238095238095,1.12,68,0.000902144334660058,0.00191705671115262,0.015336453689221,2,"{eDNAConc=high}"
